strain,stress
0,0
0.0005,0.1
0.001,0.2
0.0015,0.3
0.002,0.4
0.0025,0.5000000000000001
0.003,0.6000000000000001
0.0035,0.7000000000000002
0.004,0.8000000000000002
0.0045000000000000005,0.9000000000000004
0.005,1.0000000000000004
0.0045000000000000005,0.9000000000000005
0.004,0.8000000000000003
0.0035,0.7000000000000003
0.003,0.6000000000000002
0.0025,0.5000000000000002
0.002,0.40000000000000013
0.0015,0.3000000000000001
0.001,0.2000000000000001
0.0005,0.10000000000000009
0,0.00000000000000008326672684688674
-0.0005,-0.09999999999999992
-0.001,-0.19999999999999993
-0.0015,-0.29999999999999993
-0.002,-0.3999999999999999
-0.0025,-0.49999999999999994
-0.003,-0.6
-0.0035,-0.7000000000000001
-0.004,-0.8
-0.0045000000000000005,-0.9000000000000001
-0.005,-0.9999999999999999
-0.0045000000000000005,-0.9
-0.004,-0.7999999999999998
-0.0035,-0.6999999999999998
-0.003,-0.5999999999999998
-0.0025,-0.4999999999999997
-0.002,-0.3999999999999997
-0.0015,-0.29999999999999966
-0.001,-0.19999999999999965
-0.0005,-0.09999999999999964
0,0.0000000000000003608224830031759
0.0005,0.10000000000000037
0.001,0.20000000000000037
0.0015,0.3000000000000004
0.002,0.40000000000000036
0.0025,0.5000000000000004
0.003,0.6000000000000004
0.0035,0.7000000000000005
0.004,0.8000000000000005
0.0045000000000000005,0.9000000000000006
0.005000000000000001,1.0000000000000007
0.005500000000000001,1.1000000000000005
0.006000000000000002,1.2000000000000006
0.006500000000000002,1.3000000000000007
0.007000000000000003,1.4000000000000008
0.007500000000000003,1.5000000000000007
0.008000000000000004,1.6000000000000008
0.008500000000000004,1.7000000000000008
0.009000000000000005,1.800000000000001
0.009500000000000005,1.9000000000000008
0.01,1.9999999999999998
0.0095,1.8999999999999997
0.009,1.7999999999999998
0.008499999999999999,1.6999999999999997
0.007999999999999998,1.5999999999999996
0.007499999999999998,1.4999999999999996
0.0069999999999999975,1.3999999999999997
0.006499999999999997,1.2999999999999996
0.005999999999999997,1.1999999999999995
0.005499999999999996,1.0999999999999994
0.004999999999999996,0.9999999999999994
0.004499999999999995,0.8999999999999995
0.003999999999999995,0.7999999999999994
0.003499999999999995,0.6999999999999994
0.002999999999999995,0.5999999999999993
0.002499999999999995,0.4999999999999993
0.001999999999999995,0.39999999999999925
0.0014999999999999948,0.2999999999999992
0.0009999999999999948,0.1999999999999992
0.0004999999999999948,0.0999999999999992
-0.000000000000000005204170427930421,-0.0000000000000007997075224253081
-0.0005000000000000052,-0.10000000000000081
-0.0010000000000000052,-0.20000000000000082
-0.0015000000000000052,-0.3000000000000008
-0.0020000000000000052,-0.4000000000000008
-0.0025000000000000053,-0.5000000000000008
-0.0030000000000000053,-0.6000000000000009
-0.0035000000000000053,-0.7000000000000008
-0.004000000000000005,-0.8000000000000009
-0.004500000000000006,-0.9000000000000009
-0.005000000000000006,-1.0000000000000009
-0.005500000000000007,-1.100000000000001
-0.006000000000000007,-1.200000000000001
-0.0065000000000000075,-1.3000000000000012
-0.007000000000000008,-1.400000000000001
-0.007500000000000008,-1.500000000000001
-0.008000000000000009,-1.6000000000000012
-0.00850000000000001,-1.7000000000000013
-0.00900000000000001,-1.8000000000000012
-0.00950000000000001,-1.9000000000000012
-0.01,-1.9999999999999993
-0.0095,-1.8999999999999992
-0.009,-1.7999999999999994
-0.008499999999999999,-1.6999999999999993
-0.007999999999999998,-1.5999999999999992
-0.007499999999999998,-1.4999999999999991
-0.0069999999999999975,-1.3999999999999992
-0.006499999999999997,-1.2999999999999992
-0.005999999999999997,-1.199999999999999
-0.005499999999999996,-1.099999999999999
-0.004999999999999996,-0.999999999999999
-0.004499999999999995,-0.899999999999999
-0.003999999999999995,-0.7999999999999989
-0.003499999999999995,-0.699999999999999
-0.002999999999999995,-0.5999999999999989
-0.002499999999999995,-0.49999999999999883
-0.001999999999999995,-0.3999999999999988
-0.0014999999999999948,-0.29999999999999877
-0.0009999999999999948,-0.19999999999999876
-0.0004999999999999948,-0.09999999999999876
0,0.0000000000000001942890293094024
0.0005,0.1000000000000002
0.001,0.2000000000000002
0.0015,0.3000000000000002
0.002,0.40000000000000024
0.0025,0.5000000000000003
0.003,0.6000000000000003
0.0035,0.7000000000000004
0.004,0.8000000000000004
0.0045000000000000005,0.9000000000000006
0.005000000000000001,1.0000000000000007
0.005500000000000001,1.1000000000000005
0.006000000000000002,1.2000000000000006
0.006500000000000002,1.3000000000000007
0.007000000000000003,1.4000000000000008
0.007500000000000003,1.5000000000000007
0.008000000000000004,1.6000000000000008
0.008500000000000004,1.7000000000000008
0.009000000000000005,1.800000000000001
0.009500000000000005,1.9000000000000008
0.010000000000000005,2.0000000000000013
0.010500000000000006,2
0.011000000000000006,2
0.011500000000000007,1.9999999999999998
0.012000000000000007,2
0.012500000000000008,2
0.013000000000000008,2
0.013500000000000009,2
0.014000000000000009,1.9999999999999998
0.01450000000000001,2
0.01500000000000001,2
0.01550000000000001,1.9999999999999998
0.01600000000000001,2
0.01650000000000001,2
0.01700000000000001,2
0.017500000000000012,2
0.018000000000000013,1.9999999999999998
0.018500000000000013,2
0.019000000000000013,2
0.019500000000000014,1.9999999999999998
0.02,2
0.0195,1.9
0.019,1.8
0.0185,1.7
0.018,1.5999999999999999
0.017499999999999998,1.4999999999999998
0.016999999999999998,1.4
0.016499999999999997,1.2999999999999998
0.015999999999999997,1.1999999999999997
0.015499999999999996,1.0999999999999996
0.014999999999999996,0.9999999999999997
0.014499999999999996,0.8999999999999997
0.013999999999999995,0.7999999999999996
0.013499999999999995,0.6999999999999996
0.012999999999999994,0.5999999999999995
0.012499999999999994,0.4999999999999995
0.011999999999999993,0.3999999999999994
0.011499999999999993,0.2999999999999993
0.010999999999999992,0.19999999999999926
0.010499999999999992,0.09999999999999916
0.009999999999999992,-0.000000000000000926342336171615
0.009499999999999991,-0.10000000000000102
0.00899999999999999,-0.2000000000000011
0.00849999999999999,-0.3000000000000012
0.00799999999999999,-0.4000000000000013
0.007499999999999989,-0.5000000000000013
0.006999999999999989,-0.6000000000000015
0.006499999999999988,-0.7000000000000015
0.005999999999999988,-0.8000000000000016
0.0054999999999999875,-0.9000000000000016
0.004999999999999987,-1.0000000000000016
0.004499999999999987,-1.1000000000000016
0.003999999999999986,-1.2000000000000017
0.003499999999999986,-1.3000000000000018
0.002999999999999986,-1.4000000000000017
0.002499999999999986,-1.5000000000000018
0.001999999999999986,-1.6000000000000019
0.0014999999999999862,-1.700000000000002
0.0009999999999999861,-1.8000000000000018
0.0004999999999999861,-1.900000000000002
-0.000000000000000013877787807814457,-2.0000000000000018
-0.0005000000000000139,-2
-0.001000000000000014,-1.9999999999999998
-0.001500000000000014,-2
-0.002000000000000014,-2
-0.002500000000000014,-2
-0.003000000000000014,-2
-0.003500000000000014,-1.9999999999999998
-0.004000000000000014,-2
-0.004500000000000014,-2
-0.005000000000000015,-1.9999999999999998
-0.005500000000000015,-2
-0.006000000000000016,-2
-0.006500000000000016,-2
-0.007000000000000017,-2
-0.007500000000000017,-1.9999999999999998
-0.008000000000000018,-2
-0.008500000000000018,-2
-0.009000000000000018,-1.9999999999999998
-0.009500000000000019,-2
-0.01000000000000002,-2
-0.01050000000000002,-2
-0.01100000000000002,-2
-0.01150000000000002,-1.9999999999999998
-0.012000000000000021,-2
-0.012500000000000022,-2
-0.013000000000000022,-1.9999999999999998
-0.013500000000000022,-2
-0.014000000000000023,-2
-0.014500000000000023,-2
-0.015000000000000024,-2
-0.015500000000000024,-1.9999999999999998
-0.016000000000000025,-2
-0.016500000000000025,-2
-0.017000000000000026,-1.9999999999999998
-0.017500000000000026,-2
-0.018000000000000026,-2
-0.018500000000000027,-2
-0.019000000000000027,-2
-0.019500000000000028,-1.9999999999999998
-0.02,-2
-0.0195,-1.9
-0.019,-1.8
-0.0185,-1.7
-0.018,-1.5999999999999999
-0.017499999999999998,-1.4999999999999998
-0.016999999999999998,-1.4
-0.016499999999999997,-1.2999999999999998
-0.015999999999999997,-1.1999999999999997
-0.015499999999999996,-1.0999999999999996
-0.014999999999999996,-0.9999999999999997
-0.014499999999999996,-0.8999999999999997
-0.013999999999999995,-0.7999999999999996
-0.013499999999999995,-0.6999999999999996
-0.012999999999999994,-0.5999999999999995
-0.012499999999999994,-0.4999999999999995
-0.011999999999999993,-0.3999999999999994
-0.011499999999999993,-0.2999999999999993
-0.010999999999999992,-0.19999999999999926
-0.010499999999999992,-0.09999999999999916
-0.009999999999999992,0.000000000000000926342336171615
-0.009499999999999991,0.10000000000000102
-0.00899999999999999,0.2000000000000011
-0.00849999999999999,0.3000000000000012
-0.00799999999999999,0.4000000000000013
-0.007499999999999989,0.5000000000000013
-0.006999999999999989,0.6000000000000015
-0.006499999999999988,0.7000000000000015
-0.005999999999999988,0.8000000000000016
-0.0054999999999999875,0.9000000000000016
-0.004999999999999987,1.0000000000000016
-0.004499999999999987,1.1000000000000016
-0.003999999999999986,1.2000000000000017
-0.003499999999999986,1.3000000000000018
-0.002999999999999986,1.4000000000000017
-0.002499999999999986,1.5000000000000018
-0.001999999999999986,1.6000000000000019
-0.0014999999999999862,1.700000000000002
-0.0009999999999999861,1.8000000000000018
-0.0004999999999999861,1.900000000000002
0.000000000000000013877787807814457,2.0000000000000018
0.0005000000000000139,2
0.001000000000000014,1.9999999999999998
0.001500000000000014,2
0.002000000000000014,2
0.002500000000000014,2
0.003000000000000014,2
0.003500000000000014,1.9999999999999998
0.004000000000000014,2
0.004500000000000014,2
0.005000000000000015,1.9999999999999998
0.005500000000000015,2
0.006000000000000016,2
0.006500000000000016,2
0.007000000000000017,2
0.007500000000000017,1.9999999999999998
0.008000000000000018,2
0.008500000000000018,2
0.009000000000000018,1.9999999999999998
0.009500000000000019,2
0.01000000000000002,2
0.01050000000000002,2
0.01100000000000002,2
0.01150000000000002,1.9999999999999998
0.012000000000000021,2
0.012500000000000022,2
0.013000000000000022,1.9999999999999998
0.013500000000000022,2
0.014000000000000023,2
0.014500000000000023,2
0.015000000000000024,2
0.015500000000000024,1.9999999999999998
0.016000000000000025,2
0.016500000000000025,2
0.017000000000000026,1.9999999999999998
0.017500000000000026,2
0.018000000000000026,2
0.018500000000000027,2
0.019000000000000027,2
0.019500000000000028,1.9999999999999998
0.02,2
0.0195,1.9
0.019,1.8
0.0185,1.7
0.018,1.5999999999999999
0.017499999999999998,1.4999999999999998
0.016999999999999998,1.4
0.016499999999999997,1.2999999999999998
0.015999999999999997,1.1999999999999997
0.015499999999999996,1.0999999999999996
0.014999999999999996,0.9999999999999997
0.014499999999999996,0.8999999999999997
0.013999999999999995,0.7999999999999996
0.013499999999999995,0.6999999999999996
0.012999999999999994,0.5999999999999995
0.012499999999999994,0.4999999999999995
0.011999999999999993,0.3999999999999994
0.011499999999999993,0.2999999999999993
0.010999999999999992,0.19999999999999926
0.010499999999999992,0.09999999999999916
0.009999999999999992,-0.000000000000000926342336171615
0.009499999999999991,-0.10000000000000102
0.00899999999999999,-0.2000000000000011
0.00849999999999999,-0.3000000000000012
0.00799999999999999,-0.4000000000000013
0.007499999999999989,-0.5000000000000013
0.006999999999999989,-0.6000000000000015
0.006499999999999988,-0.7000000000000015
0.005999999999999988,-0.8000000000000016
0.0054999999999999875,-0.9000000000000016
0.004999999999999987,-1.0000000000000016
0.004499999999999987,-1.1000000000000016
0.003999999999999986,-1.2000000000000017
0.003499999999999986,-1.3000000000000018
0.002999999999999986,-1.4000000000000017
0.002499999999999986,-1.5000000000000018
0.001999999999999986,-1.6000000000000019
0.0014999999999999862,-1.700000000000002
0.0009999999999999861,-1.8000000000000018
0.0004999999999999861,-1.900000000000002
-0.000000000000000013877787807814457,-2.0000000000000018
-0.0005000000000000139,-2
-0.001000000000000014,-1.9999999999999998
-0.001500000000000014,-2
-0.002000000000000014,-2
-0.002500000000000014,-2
-0.003000000000000014,-2
-0.003500000000000014,-1.9999999999999998
-0.004000000000000014,-2
-0.004500000000000014,-2
-0.005000000000000015,-1.9999999999999998
-0.005500000000000015,-2
-0.006000000000000016,-2
-0.006500000000000016,-2
-0.007000000000000017,-2
-0.007500000000000017,-1.9999999999999998
-0.008000000000000018,-2
-0.008500000000000018,-2
-0.009000000000000018,-1.9999999999999998
-0.009500000000000019,-2
-0.01000000000000002,-2
-0.01050000000000002,-2
-0.01100000000000002,-2
-0.01150000000000002,-1.9999999999999998
-0.012000000000000021,-2
-0.012500000000000022,-2
-0.013000000000000022,-1.9999999999999998
-0.013500000000000022,-2
-0.014000000000000023,-2
-0.014500000000000023,-2
-0.015000000000000024,-2
-0.015500000000000024,-1.9999999999999998
-0.016000000000000025,-2
-0.016500000000000025,-2
-0.017000000000000026,-1.9999999999999998
-0.017500000000000026,-2
-0.018000000000000026,-2
-0.018500000000000027,-2
-0.019000000000000027,-2
-0.019500000000000028,-1.9999999999999998
-0.02,-2
-0.0195,-1.9
-0.019,-1.8
-0.0185,-1.7
-0.018,-1.5999999999999999
-0.017499999999999998,-1.4999999999999998
-0.016999999999999998,-1.4
-0.016499999999999997,-1.2999999999999998
-0.015999999999999997,-1.1999999999999997
-0.015499999999999996,-1.0999999999999996
-0.014999999999999996,-0.9999999999999997
-0.014499999999999996,-0.8999999999999997
-0.013999999999999995,-0.7999999999999996
-0.013499999999999995,-0.6999999999999996
-0.012999999999999994,-0.5999999999999995
-0.012499999999999994,-0.4999999999999995
-0.011999999999999993,-0.3999999999999994
-0.011499999999999993,-0.2999999999999993
-0.010999999999999992,-0.19999999999999926
-0.010499999999999992,-0.09999999999999916
-0.009999999999999992,0.000000000000000926342336171615
-0.009499999999999991,0.10000000000000102
-0.00899999999999999,0.2000000000000011
-0.00849999999999999,0.3000000000000012
-0.00799999999999999,0.4000000000000013
-0.007499999999999989,0.5000000000000013
-0.006999999999999989,0.6000000000000015
-0.006499999999999988,0.7000000000000015
-0.005999999999999988,0.8000000000000016
-0.0054999999999999875,0.9000000000000016
-0.004999999999999987,1.0000000000000016
-0.004499999999999987,1.1000000000000016
-0.003999999999999986,1.2000000000000017
-0.003499999999999986,1.3000000000000018
-0.002999999999999986,1.4000000000000017
-0.002499999999999986,1.5000000000000018
-0.001999999999999986,1.6000000000000019
-0.0014999999999999862,1.700000000000002
-0.0009999999999999861,1.8000000000000018
-0.0004999999999999861,1.900000000000002
0,1.9999999999999991
0.0005,2
0.001,2
0.0015,2
0.002,1.9999999999999998
0.0025,2
0.003,2
0.0035,1.9999999999999998
0.004,2
0.0045000000000000005,2
0.005000000000000001,2
0.005500000000000001,2
0.006000000000000002,1.9999999999999998
0.006500000000000002,2
0.007000000000000003,2
0.007500000000000003,1.9999999999999998
0.008000000000000004,2
0.008500000000000004,2
0.009000000000000005,2
0.009500000000000005,2
0.010000000000000005,1.9999999999999998
0.010500000000000006,2
0.011000000000000006,2
0.011500000000000007,1.9999999999999998
0.012000000000000007,2
0.012500000000000008,2
0.013000000000000008,2
0.013500000000000009,2
0.014000000000000009,1.9999999999999998
0.01450000000000001,2
0.01500000000000001,2
0.01550000000000001,1.9999999999999998
0.01600000000000001,2
0.01650000000000001,2
0.01700000000000001,2
0.017500000000000012,2
0.018000000000000013,1.9999999999999998
0.018500000000000013,2
0.019000000000000013,2
0.019500000000000014,1.9999999999999998
0.020000000000000014,2
0.020500000000000015,2
0.021000000000000015,2
0.021500000000000016,2
0.022000000000000016,1.9999999999999998
0.022500000000000017,2
0.023000000000000017,2
0.023500000000000017,1.9999999999999998
0.024000000000000018,2
0.02450000000000002,2
0.02500000000000002,2
0.02550000000000002,2
0.02600000000000002,1.9999999999999998
0.02650000000000002,2
0.02700000000000002,2
0.02750000000000002,1.9999999999999998
0.02800000000000002,2
0.028500000000000022,2
0.029000000000000022,2
0.029500000000000023,2
0.03,1.9999999999999998
0.0295,1.9000000000000004
0.028999999999999998,1.8000000000000005
0.028499999999999998,1.7000000000000004
0.027999999999999997,1.6000000000000003
0.027499999999999997,1.5000000000000002
0.026999999999999996,1.4000000000000004
0.026499999999999996,1.3000000000000003
0.025999999999999995,1.2000000000000002
0.025499999999999995,1.1
0.024999999999999994,1.0000000000000002
0.024499999999999994,0.9000000000000001
0.023999999999999994,0.8
0.023499999999999993,0.7000000000000001
0.022999999999999993,0.6
0.022499999999999992,0.5
0.021999999999999992,0.3999999999999999
0.02149999999999999,0.2999999999999998
0.02099999999999999,0.1999999999999997
0.02049999999999999,0.09999999999999962
0.01999999999999999,-0.0000000000000004718447854656915
0.01949999999999999,-0.10000000000000056
0.01899999999999999,-0.20000000000000065
0.01849999999999999,-0.3000000000000007
0.017999999999999988,-0.4000000000000008
0.017499999999999988,-0.5000000000000009
0.016999999999999987,-0.6000000000000011
0.016499999999999987,-0.7000000000000011
0.015999999999999986,-0.8000000000000012
0.015499999999999986,-0.9000000000000011
0.014999999999999986,-1.000000000000001
0.014499999999999985,-1.1000000000000012
0.013999999999999985,-1.2000000000000013
0.013499999999999984,-1.3000000000000014
0.012999999999999984,-1.4000000000000012
0.012499999999999983,-1.5000000000000013
0.011999999999999983,-1.6000000000000014
0.011499999999999982,-1.7000000000000015
0.010999999999999982,-1.8000000000000014
0.010499999999999982,-1.9000000000000015
0.009999999999999981,-2.0000000000000013
0.00949999999999998,-2.0000000000000013
0.00899999999999998,-2.0000000000000013
0.00849999999999998,-2.0000000000000013
0.00799999999999998,-2.0000000000000013
0.007499999999999979,-2.0000000000000013
0.0069999999999999785,-2.0000000000000013
0.006499999999999978,-2.0000000000000013
0.005999999999999978,-2.000000000000001
0.005499999999999977,-2.000000000000001
0.004999999999999977,-2
0.004499999999999976,-2
0.003999999999999976,-2
0.003499999999999976,-2
0.0029999999999999758,-2
0.0024999999999999758,-2
0.0019999999999999758,-2
0.0014999999999999757,-2
0.0009999999999999757,-2
0.0004999999999999757,-2
-0.0000000000000000242861286636753,-2
-0.0005000000000000243,-2
-0.0010000000000000243,-1.9999999999999998
-0.0015000000000000243,-2
-0.0020000000000000243,-2
-0.0025000000000000243,-2
-0.0030000000000000243,-2
-0.0035000000000000244,-1.9999999999999998
-0.004000000000000024,-2
-0.004500000000000025,-2
-0.005000000000000025,-1.9999999999999998
-0.005500000000000026,-2
-0.006000000000000026,-2
-0.006500000000000027,-2
-0.007000000000000027,-2
-0.0075000000000000275,-1.9999999999999998
-0.008000000000000028,-2
-0.008500000000000028,-2
-0.009000000000000029,-1.9999999999999998
-0.00950000000000003,-2
-0.01000000000000003,-2
-0.01050000000000003,-2
-0.01100000000000003,-2
-0.011500000000000031,-1.9999999999999998
-0.012000000000000031,-2
-0.012500000000000032,-2
-0.013000000000000032,-1.9999999999999998
-0.013500000000000033,-2
-0.014000000000000033,-2
-0.014500000000000034,-2
-0.015000000000000034,-2
-0.015500000000000035,-1.9999999999999998
-0.016000000000000035,-2
-0.016500000000000035,-2
-0.017000000000000036,-1.9999999999999998
-0.017500000000000036,-2
-0.018000000000000037,-2
-0.018500000000000037,-2
-0.019000000000000038,-2
-0.019500000000000038,-1.9999999999999998
-0.02000000000000004,-2
-0.02050000000000004,-2
-0.02100000000000004,-1.9999999999999998
-0.02150000000000004,-2
-0.02200000000000004,-2
-0.02250000000000004,-2
-0.02300000000000004,-2
-0.02350000000000004,-1.9999999999999998
-0.024000000000000042,-2
-0.024500000000000043,-2
-0.025000000000000043,-1.9999999999999998
-0.025500000000000043,-2
-0.026000000000000044,-2
-0.026500000000000044,-2.0000000000000004
-0.027000000000000045,-2.0000000000000004
-0.027500000000000045,-2.000000000000001
-0.028000000000000046,-2.000000000000001
-0.028500000000000046,-2.000000000000001
-0.029000000000000047,-2.0000000000000013
-0.029500000000000047,-2.0000000000000013
-0.03,-2.0000000000000018
-0.0295,-1.9000000000000004
-0.028999999999999998,-1.8000000000000005
-0.028499999999999998,-1.7000000000000004
-0.027999999999999997,-1.6000000000000003
-0.027499999999999997,-1.5000000000000002
-0.026999999999999996,-1.4000000000000004
-0.026499999999999996,-1.3000000000000003
-0.025999999999999995,-1.2000000000000002
-0.025499999999999995,-1.1
-0.024999999999999994,-1.0000000000000002
-0.024499999999999994,-0.9000000000000001
-0.023999999999999994,-0.8
-0.023499999999999993,-0.7000000000000001
-0.022999999999999993,-0.6
-0.022499999999999992,-0.5
-0.021999999999999992,-0.3999999999999999
-0.02149999999999999,-0.2999999999999998
-0.02099999999999999,-0.1999999999999997
-0.02049999999999999,-0.09999999999999962
-0.01999999999999999,0.0000000000000004718447854656915
-0.01949999999999999,0.10000000000000056
-0.01899999999999999,0.20000000000000065
-0.01849999999999999,0.3000000000000007
-0.017999999999999988,0.4000000000000008
-0.017499999999999988,0.5000000000000009
-0.016999999999999987,0.6000000000000011
-0.016499999999999987,0.7000000000000011
-0.015999999999999986,0.8000000000000012
-0.015499999999999986,0.9000000000000011
-0.014999999999999986,1.000000000000001
-0.014499999999999985,1.1000000000000012
-0.013999999999999985,1.2000000000000013
-0.013499999999999984,1.3000000000000014
-0.012999999999999984,1.4000000000000012
-0.012499999999999983,1.5000000000000013
-0.011999999999999983,1.6000000000000014
-0.011499999999999982,1.7000000000000015
-0.010999999999999982,1.8000000000000014
-0.010499999999999982,1.9000000000000015
-0.009999999999999981,2.0000000000000013
-0.00949999999999998,2.0000000000000013
-0.00899999999999998,2.0000000000000013
-0.00849999999999998,2.0000000000000013
-0.00799999999999998,2.0000000000000013
-0.007499999999999979,2.0000000000000013
-0.0069999999999999785,2.0000000000000013
-0.006499999999999978,2.0000000000000013
-0.005999999999999978,2.000000000000001
-0.005499999999999977,2.000000000000001
-0.004999999999999977,2
-0.004499999999999976,2
-0.003999999999999976,2
-0.003499999999999976,2
-0.0029999999999999758,2
-0.0024999999999999758,2
-0.0019999999999999758,2
-0.0014999999999999757,2
-0.0009999999999999757,2
-0.0004999999999999757,2
0.0000000000000000242861286636753,2
0.0005000000000000243,2
0.0010000000000000243,1.9999999999999998
0.0015000000000000243,2
0.0020000000000000243,2
0.0025000000000000243,2
0.0030000000000000243,2
0.0035000000000000244,1.9999999999999998
0.004000000000000024,2
0.004500000000000025,2
0.005000000000000025,1.9999999999999998
0.005500000000000026,2
0.006000000000000026,2
0.006500000000000027,2
0.007000000000000027,2
0.0075000000000000275,1.9999999999999998
0.008000000000000028,2
0.008500000000000028,2
0.009000000000000029,1.9999999999999998
0.00950000000000003,2
0.01000000000000003,2
0.01050000000000003,2
0.01100000000000003,2
0.011500000000000031,1.9999999999999998
0.012000000000000031,2
0.012500000000000032,2
0.013000000000000032,1.9999999999999998
0.013500000000000033,2
0.014000000000000033,2
0.014500000000000034,2
0.015000000000000034,2
0.015500000000000035,1.9999999999999998
0.016000000000000035,2
0.016500000000000035,2
0.017000000000000036,1.9999999999999998
0.017500000000000036,2
0.018000000000000037,2
0.018500000000000037,2
0.019000000000000038,2
0.019500000000000038,1.9999999999999998
0.02000000000000004,2
0.02050000000000004,2
0.02100000000000004,1.9999999999999998
0.02150000000000004,2
0.02200000000000004,2
0.02250000000000004,2
0.02300000000000004,2
0.02350000000000004,1.9999999999999998
0.024000000000000042,2
0.024500000000000043,2
0.025000000000000043,1.9999999999999998
0.025500000000000043,2
0.026000000000000044,2
0.026500000000000044,2.0000000000000004
0.027000000000000045,2.0000000000000004
0.027500000000000045,2.000000000000001
0.028000000000000046,2.000000000000001
0.028500000000000046,2.000000000000001
0.029000000000000047,2.0000000000000013
0.029500000000000047,2.0000000000000013
0.03,2.0000000000000018
0.0295,1.9000000000000004
0.028999999999999998,1.8000000000000005
0.028499999999999998,1.7000000000000004
0.027999999999999997,1.6000000000000003
0.027499999999999997,1.5000000000000002
0.026999999999999996,1.4000000000000004
0.026499999999999996,1.3000000000000003
0.025999999999999995,1.2000000000000002
0.025499999999999995,1.1
0.024999999999999994,1.0000000000000002
0.024499999999999994,0.9000000000000001
0.023999999999999994,0.8
0.023499999999999993,0.7000000000000001
0.022999999999999993,0.6
0.022499999999999992,0.5
0.021999999999999992,0.3999999999999999
0.02149999999999999,0.2999999999999998
0.02099999999999999,0.1999999999999997
0.02049999999999999,0.09999999999999962
0.01999999999999999,-0.0000000000000004718447854656915
0.01949999999999999,-0.10000000000000056
0.01899999999999999,-0.20000000000000065
0.01849999999999999,-0.3000000000000007
0.017999999999999988,-0.4000000000000008
0.017499999999999988,-0.5000000000000009
0.016999999999999987,-0.6000000000000011
0.016499999999999987,-0.7000000000000011
0.015999999999999986,-0.8000000000000012
0.015499999999999986,-0.9000000000000011
0.014999999999999986,-1.000000000000001
0.014499999999999985,-1.1000000000000012
0.013999999999999985,-1.2000000000000013
0.013499999999999984,-1.3000000000000014
0.012999999999999984,-1.4000000000000012
0.012499999999999983,-1.5000000000000013
0.011999999999999983,-1.6000000000000014
0.011499999999999982,-1.7000000000000015
0.010999999999999982,-1.8000000000000014
0.010499999999999982,-1.9000000000000015
0.009999999999999981,-2.0000000000000013
0.00949999999999998,-2.0000000000000013
0.00899999999999998,-2.0000000000000013
0.00849999999999998,-2.0000000000000013
0.00799999999999998,-2.0000000000000013
0.007499999999999979,-2.0000000000000013
0.0069999999999999785,-2.0000000000000013
0.006499999999999978,-2.0000000000000013
0.005999999999999978,-2.000000000000001
0.005499999999999977,-2.000000000000001
0.004999999999999977,-2
0.004499999999999976,-2
0.003999999999999976,-2
0.003499999999999976,-2
0.0029999999999999758,-2
0.0024999999999999758,-2
0.0019999999999999758,-2
0.0014999999999999757,-2
0.0009999999999999757,-2
0.0004999999999999757,-2
-0.0000000000000000242861286636753,-2
-0.0005000000000000243,-2
-0.0010000000000000243,-1.9999999999999998
-0.0015000000000000243,-2
-0.0020000000000000243,-2
-0.0025000000000000243,-2
-0.0030000000000000243,-2
-0.0035000000000000244,-1.9999999999999998
-0.004000000000000024,-2
-0.004500000000000025,-2
-0.005000000000000025,-1.9999999999999998
-0.005500000000000026,-2
-0.006000000000000026,-2
-0.006500000000000027,-2
-0.007000000000000027,-2
-0.0075000000000000275,-1.9999999999999998
-0.008000000000000028,-2
-0.008500000000000028,-2
-0.009000000000000029,-1.9999999999999998
-0.00950000000000003,-2
-0.01000000000000003,-2
-0.01050000000000003,-2
-0.01100000000000003,-2
-0.011500000000000031,-1.9999999999999998
-0.012000000000000031,-2
-0.012500000000000032,-2
-0.013000000000000032,-1.9999999999999998
-0.013500000000000033,-2
-0.014000000000000033,-2
-0.014500000000000034,-2
-0.015000000000000034,-2
-0.015500000000000035,-1.9999999999999998
-0.016000000000000035,-2
-0.016500000000000035,-2
-0.017000000000000036,-1.9999999999999998
-0.017500000000000036,-2
-0.018000000000000037,-2
-0.018500000000000037,-2
-0.019000000000000038,-2
-0.019500000000000038,-1.9999999999999998
-0.02000000000000004,-2
-0.02050000000000004,-2
-0.02100000000000004,-1.9999999999999998
-0.02150000000000004,-2
-0.02200000000000004,-2
-0.02250000000000004,-2
-0.02300000000000004,-2
-0.02350000000000004,-1.9999999999999998
-0.024000000000000042,-2
-0.024500000000000043,-2
-0.025000000000000043,-1.9999999999999998
-0.025500000000000043,-2
-0.026000000000000044,-2
-0.026500000000000044,-2.0000000000000004
-0.027000000000000045,-2.0000000000000004
-0.027500000000000045,-2.000000000000001
-0.028000000000000046,-2.000000000000001
-0.028500000000000046,-2.000000000000001
-0.029000000000000047,-2.0000000000000013
-0.029500000000000047,-2.0000000000000013
-0.03,-2.0000000000000018
-0.0295,-1.9000000000000004
-0.028999999999999998,-1.8000000000000005
-0.028499999999999998,-1.7000000000000004
-0.027999999999999997,-1.6000000000000003
-0.027499999999999997,-1.5000000000000002
-0.026999999999999996,-1.4000000000000004
-0.026499999999999996,-1.3000000000000003
-0.025999999999999995,-1.2000000000000002
-0.025499999999999995,-1.1
-0.024999999999999994,-1.0000000000000002
-0.024499999999999994,-0.9000000000000001
-0.023999999999999994,-0.8
-0.023499999999999993,-0.7000000000000001
-0.022999999999999993,-0.6
-0.022499999999999992,-0.5
-0.021999999999999992,-0.3999999999999999
-0.02149999999999999,-0.2999999999999998
-0.02099999999999999,-0.1999999999999997
-0.02049999999999999,-0.09999999999999962
-0.01999999999999999,0.0000000000000004718447854656915
-0.01949999999999999,0.10000000000000056
-0.01899999999999999,0.20000000000000065
-0.01849999999999999,0.3000000000000007
-0.017999999999999988,0.4000000000000008
-0.017499999999999988,0.5000000000000009
-0.016999999999999987,0.6000000000000011
-0.016499999999999987,0.7000000000000011
-0.015999999999999986,0.8000000000000012
-0.015499999999999986,0.9000000000000011
-0.014999999999999986,1.000000000000001
-0.014499999999999985,1.1000000000000012
-0.013999999999999985,1.2000000000000013
-0.013499999999999984,1.3000000000000014
-0.012999999999999984,1.4000000000000012
-0.012499999999999983,1.5000000000000013
-0.011999999999999983,1.6000000000000014
-0.011499999999999982,1.7000000000000015
-0.010999999999999982,1.8000000000000014
-0.010499999999999982,1.9000000000000015
-0.009999999999999981,2.0000000000000013
-0.00949999999999998,2.0000000000000013
-0.00899999999999998,2.0000000000000013
-0.00849999999999998,2.0000000000000013
-0.00799999999999998,2.0000000000000013
-0.007499999999999979,2.0000000000000013
-0.0069999999999999785,2.0000000000000013
-0.006499999999999978,2.0000000000000013
-0.005999999999999978,2.000000000000001
-0.005499999999999977,2.000000000000001
-0.004999999999999977,2
-0.004499999999999976,2
-0.003999999999999976,2
-0.003499999999999976,2
-0.0029999999999999758,2
-0.0024999999999999758,2
-0.0019999999999999758,2
-0.0014999999999999757,2
-0.0009999999999999757,2
-0.0004999999999999757,2
0,2
